{
  "model_type": "fast_bilstm",
  "classes": [
    "0",
    "1",
    "2",
    "3",
    "4",
    "5",
    "6",
    "7",
    "8",
    "9",
    "A",
    "B",
    "C",
    "D",
    "E",
    "F",
    "G",
    "H",
    "I",
    "J",
    "K",
    "L",
    "M",
    "N",
    "O",
    "P",
    "Q",
    "R",
    "S",
    "T",
    "U",
    "V",
    "W",
    "X",
    "Y",
    "Z"
  ],
  "num_classes": 36,
  "input_shape": [
    30,
    258
  ],
  "test_accuracy": 0.9481481313705444,
  "test_loss": 0.3163096010684967,
  "parameters": 622564,
  "tensorflow_version": "2.19.0",
  "recommended_for": "PC CPU real-time inference",
  "original_accuracy": 0.9481,
  "landmark_format": {
    "total_values": 258,
    "left_hand": "indices 0-62",
    "right_hand": "indices 63-125",
    "pose": "indices 126-257"
  }
}