{
  "classes": [
    "0",
    "1",
    "2",
    "3",
    "4",
    "5",
    "6",
    "7",
    "8",
    "9",
    "A",
    "B",
    "C",
    "D",
    "E",
    "F",
    "G",
    "H",
    "I",
    "J",
    "K",
    "L",
    "M",
    "N",
    "O",
    "P",
    "Q",
    "R",
    "S",
    "T",
    "U",
    "V",
    "W",
    "X",
    "Y",
    "Z"
  ],
  "num_classes": 36,
  "input_shape": [
    30,
    258
  ],
  "test_accuracy": 0.9481481313705444,
  "test_loss": 0.30366939306259155,
  "tensorflow_version": "2.19.0",
  "model_format": "both",
  "landmark_format": {
    "total_values": 258,
    "left_hand": "indices 0-62   | 21 landmarks \u00d7 (x,y,z)",
    "right_hand": "indices 63-125 | 21 landmarks \u00d7 (x,y,z)",
    "pose": "indices 126-257| 33 landmarks \u00d7 (x,y,z,vis)"
  },
  "extraction_method": "opencv_contour_features",
  "sequence_type": "pseudo_sequence_from_static_images",
  "augmentation": "5x per image (noise, drift, scale, flip, speed)"
}